mutation,ddg_exp,comm_eff,f_collective,f_asym,prs_sens,f_entropy,mut_ca_coupling,prs_eff,f_local,sq_fluct
Y5H,0.11999999999999922,0.4309880283238489,0.07257827329195769,0.2347777289745014,0.6572577039322907,1.0157280015049603,-0.43098802832384897,0.4821639829943909,0.056742260519473196,3.780479722943574
A8V,-0.10000000000000053,0.2613040668613008,0.04593280774469157,0.18741887417528774,0.254905690665423,1.0855861028687912,-0.14367569788663082,0.664761106421238,0.058262242084412975,1.954607056748919
F20Q,-0.41000000000000014,0.1752069471190113,0.03897991230696632,0.1608154332379621,0.22514766804872027,1.1856845064368657,0.12051263268772154,0.2151387361060828,0.21445799337233407,3.291588542990773
A23Q,-1.0300000000000002,0.17678322475270347,0.03865516978165784,0.2421297491474555,0.23959015909173595,0.6141981051929661,0.005237347969001134,0.5596458424436898,0.06197364283769907,1.7764840772149064
L29Q,-0.33000000000000007,0.2178275420374982,0.0442880482957074,0.13926613216071645,0.36878877002100496,1.1174329757671788,-0.20059974735816655,0.7317684191877671,0.08025013191538158,1.840379640810425
A31S,-0.3700000000000001,0.19810738583793933,0.03587559422516866,0.23572947062432772,0.2730026475076918,1.1458493248096493,-0.16349168155637134,0.4394895186364148,0.07600489198396401,1.8769888684649447
S37G,-0.11000000000000032,0.3364580765202682,0.018663754195107057,0.21578668155170386,0.03674668879680401,1.1158389405457212,0.2532291740213747,2.4149661545859393,0.048484907807848275,0.3093436015276734
E40A,0.6899999999999995,0.21274824386401062,0.036708633223573345,0.2955242654550468,0.17312091533945498,1.1822874651533797,-0.15976489190867144,1.421521789144492,0.06435943433656634,0.964217061460303
V44Q,-1.63,0.18951460169950435,0.05384077090842745,0.18495237264347172,0.3252641836795902,1.1661520194510444,-0.1284908835920683,0.5751012141844798,0.07369881982308064,2.0278418884085716
M45Q,-0.9000000000000004,0.1927225185856589,0.07757725768923414,0.11031239616122526,0.6810158294755967,1.0659730712956264,-0.13505559873036738,0.32810226595222036,0.07620566657834882,4.266202326420137
L48Q,-1.0700000000000003,0.18664323760028118,0.11375525823514784,0.2758772592389811,1.396641268643477,1.0572399304066136,-0.10652847792961444,0.07943075999849175,0.11848564726587126,10.799142417155792
Q50R,-0.75,0.19274479771515385,0.11683157304374125,0.11186029741006341,1.6076073659026833,1.0121598088710566,-0.14030412988146473,0.09531225886546282,0.09994801759012342,11.709308502550712
L57Q,0.5699999999999994,0.2595276304236352,0.033931180918931866,0.1449432677435785,0.2122225813001806,1.1626082779335987,-0.03150695931384808,1.025566645063847,0.0412401398032063,1.2726096087022931
E59D,0.3299999999999992,0.34734713884417645,0.05177707591219283,0.08393036260063268,0.34756360561403443,1.3459277712450977,0.2162199741776649,1.0389017142322345,0.07540905542013641,1.628623700869757
I61Q,1.17,0.41266033984450906,0.03612872827245841,0.17729270354886317,0.17951255345948974,1.4522555271609041,0.41266033984450906,1.9094215502063314,0.038723690757699436,0.8309526106400864
D67A,1.4699999999999998,0.6266561394909559,0.056542438431519446,0.16209366308663753,0.62307599404705,1.195900817201008,0.6266561394909559,0.04163955752356287,0.1845292866622766,8.97184659863797
D73A,1.4699999999999998,0.4335178254347556,0.02766309250066733,0.1265489758861975,0.18989801270846307,1.234516514768619,0.43351782543475553,1.666778148596559,0.05100662042095679,0.8413080799847104
D73N,0.8699999999999992,0.4335178254347556,0.02766309250066733,0.1265489758861975,0.18989801270846307,1.234516514768619,0.43351782543475553,1.666778148596559,0.05100662042095679,0.8413080799847104
D75Y,0.41999999999999993,0.348135606347941,0.027900661165416295,0.10687630645556444,0.20773063562874416,1.2383850941187484,0.348135606347941,1.1261147335668462,0.07837672479349286,1.0647318493384712
V79Q,-0.07000000000000028,0.27795404137826585,0.04315111524140837,0.2540820427654235,0.16563365868712301,1.4912095658959814,0.07106609461723536,0.9004954406624196,0.05583783315791925,1.2464007842650346
M81Q,-0.7200000000000006,0.2674545585932784,0.07337402829236614,0.07487541551377115,0.5358246282211995,1.440164446846186,0.19216298834113596,0.5081336411273413,0.068005430026943,3.061738758451744
C84Y,-0.8100000000000005,0.20553210467333508,0.10799063505373278,0.11453262545953896,1.1573642042012031,1.2374254960649345,0.13568605277781645,0.17351849309322911,0.12056513107334084,7.017748158152276
