dq_phi,E_ca,born,phi_sq,E_mag,E_parallel,E_perp,ddG_exp,mutant,resi
-0.11680012737711865,0.034291935000063216,0.0053437499999999995,0.15158077505901268,0.48830972422791613,-0.4453083320273267,0.20036685405172094,0.11999999999999922,Y5H,5
-0.0,0.0,0.0,0.6033795041533535,0.48830972422791613,-0.38345042078256936,0.302344441948606,-0.10000000000000053,A8V,8
-0.0,0.0,0.0,0.08660251837803101,0.48830972422791613,-0.006782179705781442,0.48826262279021726,-0.41000000000000014,F20Q,20
-0.0,0.0,0.0,0.7857141504001538,0.48830972422791613,0.12857831059514963,0.4710774934339792,-1.0300000000000002,A23Q,23
-0.0,0.0,0.0,2.0467064189296957,0.48830972422791613,0.35735642658497213,0.3327803647362069,-0.33000000000000007,L29Q,29
-0.0,0.0,0.0,8.74919669092956,0.48830972422791613,0.436624042881511,0.21864544805082936,-0.3700000000000001,A31S,31
-0.0,0.0,0.0,1.8655182916294382,0.48830972422791613,0.3355458468140647,0.35476100611732364,-0.11000000000000032,S37G,37
1.7006639548680134,0.15521871479036256,0.059375,2.8922578873873124,0.4911034027110073,0.25666467030260365,0.4186953536555971,0.6899999999999995,E40A,40
0.0,0.0,0.0,1.209128887816419,0.48830972422791613,0.13794747502802285,0.46841955649709643,-1.63,V44Q,44
0.0,0.0,0.0,2.233618441507658,0.48830972422791613,0.03535354381675847,0.4870282473482827,-0.9000000000000004,M45Q,45
0.0,0.0,0.0,0.15299498498433856,0.48830972422791613,0.033432933773958,0.4871638592042821,-1.0700000000000003,L48Q,48
0.35936543125075654,0.053673499877589424,0.059375,0.12914351317804224,0.48830972422791613,-0.0634678693277017,0.48416754986114596,-0.75,Q50R,50
-0.0,0.0,0.0,14.41554933142187,0.48830972422791613,-0.04824057413213343,0.4859210159922553,0.5699999999999994,L57Q,57
-0.0,0.0,0.0,13.46858158639263,0.48830972422791613,-0.1680896587145401,0.45846728717409374,0.3299999999999992,E59D,59
-0.0,0.0,0.0,30.083196436507826,0.48830972422791613,-0.20027784346195768,0.44534837172013,1.17,I61Q,61
-3.537443090838291,1.6609315537734488,0.059375,12.51350362091956,0.4420791055173608,-0.05900249530851461,0.4381240019473922,1.4699999999999998,D67A,67
-2.889846073864431,1.119828197561152,0.059375,8.351210330629666,0.5136893602129033,0.1884418328101607,0.47787700765269026,1.4699999999999998,D73A,73
-2.889846073864431,1.119828197561152,0.059375,8.351210330629666,0.5136893602129033,0.1884418328101607,0.47787700765269026,0.8699999999999992,D73N,73
-3.563193555578784,0.6161778043361307,0.059375,12.696348314518175,0.474364114951672,-0.16202521543564494,0.44583533184003704,0.41999999999999993,D75Y,75
-0.0,0.0,0.0,4.7910543336629985,0.48830972422791613,-0.34889982882753073,0.34163620449194676,-0.07000000000000028,V79Q,79
-0.0,0.0,0.0,0.15301220963338857,0.48830972422791613,-0.24200266572802215,0.4241239165103457,-0.7200000000000006,M81Q,81
0.0,0.0,0.0,0.378007117360616,0.48830972422791613,-0.297860338627276,0.3869439306261154,-0.8100000000000005,C84Y,84
