mutant,dG_exp,inv_distance,steric_energy,volume_change,ddG_exp,local_density,coordination_number,radial_position,backbone_angle
Y5H,-6.44,0.06219025356773571,-1.0889999999999995,-0.1814999999999999,0.11999999999999922,4.138552932591914,14.75,13.268055,1.6090713298662565
A8V,-6.66,0.05533698240580113,1.7569999999999997,0.25099999999999995,-0.10000000000000053,4.534158541870551,16.75,13.091823,1.581446091913149
F20Q,-6.97,0.05615791872211476,-1.4805000000000004,-0.21150000000000005,-0.41000000000000014,4.3267247412120255,15.0,9.905766,1.5776538482197917
A23Q,-7.59,0.055744597208535786,2.436,0.348,-1.0300000000000002,4.176740781504515,16.25,11.211188,1.5590730182401746
L29Q,-6.89,0.05789300509326499,-0.2380000000000004,-0.03400000000000006,-0.33000000000000007,3.7683180437121813,14.5,15.657372,1.4650154202480767
A31S,-6.93,0.07365239211547785,0.30399999999999977,0.03799999999999997,-0.3700000000000001,4.252834370683667,17.25,15.050454,2.0303881371581727
S37G,-6.67,0.10870078079754063,-0.9809999999999997,-0.16349999999999995,-0.11000000000000032,5.141457283019744,18.0,9.932501,2.047234008852745
E40A,-5.87,0.06940865114168496,-2.5439999999999996,-0.31799999999999995,0.6899999999999995,4.291991942255243,17.0,11.869654,1.6347823047917178
V44Q,-8.19,0.061527199007330724,0.7760000000000002,0.09700000000000003,-1.63,5.050089245063757,18.0,9.930654,1.5970876306653543
M45Q,-7.46,0.05780441699537783,-0.4365000000000008,-0.048500000000000085,-0.9000000000000004,5.171973457642981,19.0,9.55911,1.6615523140365434
L48Q,-7.63,0.04967995105549318,-0.20400000000000035,-0.03400000000000006,-1.0700000000000003,3.563367721075883,13.5,11.508114,1.5420462548592175
Q50R,-7.31,0.04843551227672473,-1.2329999999999997,-0.20549999999999996,-0.75,3.3753922987870983,13.0,11.930331,2.36180178278836
L57Q,-5.99,0.0780895312731099,-0.2380000000000004,-0.03400000000000006,0.5699999999999994,5.234144404779417,18.25,9.539862,1.7439215112118789
E59D,-6.23,0.08243065761107628,-1.2239999999999998,-0.15299999999999997,0.3299999999999992,4.19695284974438,16.0,11.927243,1.6692972431348883
I61Q,-5.39,0.13130556718694433,-0.30800000000000066,-0.03850000000000008,1.17,5.973264897688098,22.25,7.19883,1.667357488060758
D67A,-5.09,0.1885948393038085,-0.99,-0.165,1.4699999999999998,2.994782019595378,11.75,13.862673,1.540548181768406
D73A,-5.09,0.15724351068672107,-1.155,-0.165,1.4699999999999998,5.05066546225501,17.25,7.081988,2.195560252032579
D73N,-5.69,0.15724351068672107,0.3744999999999996,0.05349999999999994,0.8699999999999992,5.05066546225501,17.25,7.081988,2.195560252032579
D75Y,-6.14,0.12063482500187443,2.3729999999999998,0.39549999999999996,0.41999999999999993,3.8416750034484677,13.75,7.670164,1.7493802603123865
V79Q,-6.63,0.09125180091260439,0.7760000000000002,0.09700000000000003,-0.07000000000000028,5.473368490001303,20.25,5.9634852,1.5385641540953383
M81Q,-7.28,0.07103757107386857,-0.3395000000000006,-0.048500000000000085,-0.7200000000000006,4.452051680852508,15.25,5.3351374,1.7562733884673105
C84Y,-7.37,0.05713835133307694,2.94,0.49,-0.8100000000000005,3.447603869848757,13.0,10.074715,1.4801614144745507
